age,device_type,user_type,prior_experience,traffic_source,session_duration,time_on_task,scroll_depth,feature_usage_count,help_page_visits,error_count,frustration_proxy,task_success,usability_score,poor_experience
22,mobile,returning,medium,organic,7.96,3.1,48.04,3,3,1,1.66,0,74.38,0
55,desktop,returning,medium,referral,14.93,5.57,61.24,6,3,2,3.27,1,78.11,0
49,desktop,new,medium,paid,8.48,5.91,71.44,7,3,0,1.42,0,95.49,0
39,mobile,new,medium,organic,7.68,6.83,5.0,3,2,0,0.84,1,74.78,0
38,mobile,returning,high,organic,16.24,2.71,100.0,6,1,3,1.73,1,80.17,0
59,mobile,new,medium,paid,16.36,9.29,76.33,3,0,2,1.27,0,77.53,0
22,tablet,new,high,organic,13.07,9.5,53.09,3,1,1,1.42,1,82.41,0
51,mobile,new,medium,organic,9.18,9.03,100.0,4,0,2,1.59,1,82.45,0
27,desktop,returning,low,direct,10.04,4.89,58.05,6,2,1,1.22,1,65.02,0
22,desktop,new,medium,paid,7.78,7.76,67.65,2,1,0,0.52,1,84.72,0
43,desktop,returning,medium,direct,7.02,4.8,55.26,2,1,0,-0.7,0,88.63,0
64,mobile,new,high,direct,6.82,6.5,98.04,9,1,1,0.36,1,80.17,0
53,tablet,returning,medium,organic,8.53,13.96,62.9,2,1,0,1.01,1,90.87,0
54,mobile,new,low,direct,6.86,7.79,67.99,3,1,1,1.62,1,82.26,0
52,desktop,new,medium,referral,4.75,3.94,89.08,9,0,0,0.07,1,89.34,0
55,desktop,new,low,referral,11.88,8.04,76.7,10,0,0,1.18,1,94.44,0
42,desktop,new,medium,organic,11.94,3.44,63.91,6,1,0,0.76,1,89.56,0
24,tablet,new,medium,organic,17.8,3.9,87.21,7,1,2,1.36,1,81.19,0
58,mobile,new,medium,organic,8.33,4.38,100.0,5,3,1,0.67,1,87.1,0
39,mobile,new,high,referral,12.18,6.17,71.35,10,2,0,1.85,1,85.58,0
42,mobile,new,medium,direct,12.25,10.31,67.34,6,2,1,1.95,0,67.41,0
35,mobile,returning,medium,referral,9.98,9.24,68.41,5,1,1,2.41,1,78.94,0
26,mobile,new,medium,direct,13.98,9.07,91.21,3,3,0,2.8,1,73.92,0
62,mobile,returning,high,direct,14.1,4.2,53.02,7,2,3,1.47,1,71.71,0
55,mobile,returning,high,referral,12.31,5.88,59.43,8,4,2,1.57,0,72.91,0
48,mobile,new,low,organic,9.98,8.32,34.25,3,0,2,-1.09,1,79.96,0
37,mobile,returning,medium,direct,9.57,5.62,41.32,2,0,1,1.33,1,82.89,0
57,desktop,returning,low,paid,5.53,6.66,54.64,13,0,1,1.13,1,87.36,0
44,desktop,returning,high,organic,7.78,8.82,63.88,2,2,0,0.79,0,72.21,0
39,mobile,new,medium,paid,8.51,6.45,100.0,3,1,2,0.57,1,79.55,0
39,mobile,new,medium,direct,6.5,8.18,75.72,4,1,6,3.88,1,49.6,0
28,mobile,new,low,organic,12.76,12.28,46.76,4,1,1,1.16,1,76.46,0
22,desktop,new,low,paid,15.79,6.98,50.44,4,2,0,1.33,1,91.55,0
44,mobile,returning,medium,organic,7.37,11.04,92.49,2,2,1,1.56,1,88.66,0
60,mobile,returning,low,organic,12.13,9.18,87.53,2,2,2,2.45,0,78.88,0
21,mobile,new,low,organic,6.86,3.1,65.56,5,2,1,1.2,1,77.78,0
59,mobile,returning,high,direct,9.78,4.19,56.15,3,0,1,1.55,1,75.78,0
57,mobile,new,medium,direct,8.24,5.0,87.5,7,1,0,0.86,1,89.42,0
31,desktop,returning,low,organic,13.41,4.94,45.13,4,0,2,0.25,1,82.28,0
48,desktop,new,low,organic,8.28,7.23,72.84,3,1,1,2.06,1,84.2,0
25,desktop,returning,high,organic,15.05,9.34,100.0,1,0,1,1.6,1,77.49,0
54,desktop,returning,medium,organic,10.02,11.27,69.11,5,1,2,1.97,1,77.12,0
51,desktop,new,medium,referral,8.4,8.42,49.49,6,2,0,0.93,1,70.26,0
35,mobile,new,low,referral,5.99,6.16,73.21,7,0,1,1.93,1,88.61,0
21,desktop,returning,low,referral,12.01,1.25,55.6,5,1,0,-0.96,1,80.31,0
64,mobile,new,low,paid,14.58,7.71,37.12,7,2,1,2.29,1,68.12,0
39,mobile,new,medium,referral,12.09,7.58,79.02,1,2,0,0.32,1,90.19,0
60,desktop,returning,low,organic,19.96,8.05,87.36,3,3,4,4.33,1,68.44,0
50,mobile,new,low,organic,16.72,13.82,58.78,3,0,1,0.78,0,81.65,0
55,mobile,new,medium,direct,9.77,11.22,57.46,8,1,1,0.0,1,93.04,0
54,desktop,new,high,direct,9.73,9.86,45.77,4,2,0,0.33,1,85.1,0
27,desktop,new,medium,direct,12.88,4.61,62.0,8,1,0,1.17,1,81.37,0
35,tablet,returning,medium,direct,7.65,5.96,53.75,5,2,1,1.13,0,78.77,0
40,mobile,new,medium,referral,15.67,7.22,44.78,5,2,3,2.0,1,65.06,0
41,mobile,new,medium,direct,12.45,5.17,100.0,6,1,0,-0.15,1,97.4,0
20,desktop,new,low,paid,12.03,9.0,74.33,9,4,2,3.13,1,72.81,0
44,mobile,returning,medium,organic,13.75,8.57,76.45,7,1,1,2.36,1,84.45,0
25,desktop,new,medium,organic,17.89,4.24,82.67,2,1,1,-0.76,0,72.47,0
53,mobile,returning,medium,organic,11.68,11.09,80.42,4,0,0,2.29,1,89.82,0
50,mobile,returning,high,organic,10.55,7.81,56.74,5,0,1,0.76,1,81.47,0
62,mobile,returning,high,paid,17.03,2.31,70.45,3,0,1,1.06,1,77.31,0
53,desktop,returning,low,direct,14.87,7.35,59.62,4,0,2,0.85,1,76.03,0
35,mobile,returning,medium,direct,9.72,8.34,73.77,6,0,1,0.6,1,86.47,0
64,mobile,returning,low,referral,11.02,10.42,71.83,4,2,1,1.49,1,79.59,0
37,mobile,new,medium,organic,11.78,6.49,57.35,4,2,1,0.46,1,69.41,0
33,mobile,returning,low,direct,12.45,9.98,38.41,7,1,1,0.34,0,74.17,0
61,mobile,new,low,paid,5.57,8.06,67.92,4,1,0,1.3,1,83.14,0
35,desktop,new,medium,organic,4.83,3.55,60.91,4,3,1,0.41,1,77.47,0
21,mobile,returning,medium,organic,7.45,3.25,27.19,2,2,2,2.25,1,69.98,0
40,desktop,returning,high,paid,7.14,10.87,75.15,4,0,3,1.55,0,70.15,0
56,desktop,returning,low,organic,8.42,11.09,84.31,8,1,2,0.83,0,73.81,0
27,mobile,new,low,direct,13.54,8.47,100.0,10,1,0,1.93,1,90.2,0
40,mobile,new,medium,direct,10.32,11.99,57.18,5,3,0,0.35,1,86.44,0
24,desktop,new,low,referral,11.79,10.67,54.23,4,2,1,0.44,1,79.18,0
50,mobile,new,low,organic,6.1,9.55,42.81,4,1,2,1.42,1,81.88,0
40,mobile,new,high,direct,9.15,4.77,69.17,3,2,0,0.09,0,89.1,0
33,tablet,new,low,referral,13.35,12.69,69.05,7,6,2,3.38,0,73.67,0
28,tablet,new,low,organic,13.38,9.11,48.77,5,1,0,0.49,1,91.86,0
45,desktop,returning,medium,referral,8.1,6.34,61.5,5,1,0,0.54,1,94.56,0
50,mobile,new,medium,paid,11.65,5.5,25.43,7,1,1,0.85,1,69.13,0
63,desktop,returning,medium,paid,19.8,8.27,83.53,5,0,0,-0.56,1,93.71,0
38,desktop,returning,medium,organic,10.93,2.49,49.59,3,0,0,0.51,1,93.06,0
25,mobile,new,high,paid,8.23,9.6,64.31,6,3,0,0.98,1,89.91,0
57,desktop,new,low,organic,10.3,4.64,36.47,2,0,1,0.2,0,72.95,0
48,mobile,new,medium,organic,11.37,8.61,53.35,7,1,2,2.74,1,78.55,0
51,mobile,returning,medium,organic,10.4,5.94,59.41,7,3,2,2.15,1,71.78,0
22,mobile,new,high,direct,10.87,6.71,64.77,5,0,1,1.47,1,93.86,0
32,mobile,new,medium,organic,5.23,5.23,74.59,5,1,2,2.53,0,67.03,0
54,mobile,returning,medium,paid,7.15,7.02,93.78,1,2,1,2.33,1,77.64,0
57,desktop,returning,low,paid,10.4,13.17,79.65,6,0,0,0.63,1,78.49,0
38,tablet,new,low,direct,10.34,11.66,84.24,6,1,4,2.8,0,67.78,0
56,desktop,new,low,referral,8.74,8.56,93.92,9,3,2,2.21,1,89.05,0
58,desktop,new,medium,direct,10.29,7.42,76.39,4,1,2,1.35,1,77.1,0
36,tablet,new,low,organic,11.24,10.03,64.27,3,2,3,0.8,1,69.72,0
61,mobile,new,medium,organic,14.56,10.89,85.18,3,1,2,2.17,1,81.72,0
31,mobile,new,low,referral,10.6,5.01,86.46,2,2,5,3.9,0,59.68,0
29,mobile,returning,high,paid,12.6,7.27,77.97,8,2,2,2.56,1,77.75,0
50,mobile,new,high,direct,8.83,2.03,35.91,4,0,0,-0.09,1,86.46,0
48,desktop,returning,low,direct,13.29,10.87,48.17,6,2,0,1.27,0,74.71,0
24,mobile,new,low,paid,12.5,13.7,59.5,6,0,1,-0.42,1,81.58,0
57,mobile,returning,low,direct,14.46,7.74,80.59,2,0,0,-0.94,1,93.92,0
27,mobile,returning,high,referral,13.85,1.12,64.57,5,0,0,-1.98,1,93.12,0
56,mobile,returning,low,organic,13.35,9.33,87.74,5,1,5,3.26,1,72.12,0
18,tablet,returning,medium,paid,10.61,4.79,91.3,3,0,0,-0.62,1,92.77,0
56,mobile,new,medium,organic,11.98,5.51,88.98,5,0,0,-0.72,1,92.61,0
55,mobile,new,medium,direct,15.25,9.38,89.11,6,2,0,0.99,1,90.99,0
55,mobile,new,medium,organic,8.39,8.26,44.26,7,2,1,0.96,1,72.74,0
49,mobile,new,medium,paid,8.49,6.04,74.65,5,2,2,0.75,1,71.34,0
40,desktop,returning,high,referral,11.73,5.55,52.85,4,3,6,6.69,0,48.79,1
51,mobile,new,low,organic,12.66,7.88,32.02,6,2,0,0.67,1,71.99,0
31,mobile,returning,high,organic,7.7,6.27,59.25,8,0,1,-0.27,1,84.55,0
55,mobile,new,low,referral,10.7,4.17,91.49,1,0,0,-0.54,1,97.07,0
44,desktop,new,medium,organic,10.62,6.5,74.21,4,2,0,0.56,1,80.45,0
40,desktop,new,high,paid,2.14,8.52,100.0,5,2,0,0.57,1,90.41,0
42,desktop,returning,medium,paid,10.12,6.97,68.54,8,0,0,1.04,1,84.25,0
45,desktop,returning,medium,organic,10.37,3.26,100.0,5,0,0,-0.06,1,85.7,0
19,desktop,new,low,organic,10.36,10.47,68.55,4,1,2,3.07,1,88.76,0
24,mobile,new,medium,direct,16.66,0.5,65.45,3,0,1,0.25,1,76.84,0
29,mobile,returning,medium,direct,6.14,6.16,39.41,5,2,1,1.64,1,68.05,0
23,mobile,new,medium,organic,7.7,5.64,87.21,2,3,0,1.87,0,83.75,0
39,mobile,returning,medium,direct,1.0,7.94,54.96,4,0,4,3.36,0,67.01,0
50,desktop,new,low,referral,9.08,9.18,52.06,6,0,2,2.27,0,78.65,0
49,mobile,new,low,referral,9.42,10.88,90.62,3,0,0,-0.17,0,100.0,0
40,desktop,new,low,direct,8.96,5.36,88.16,1,2,2,1.9,1,72.12,0
59,desktop,new,medium,direct,15.43,9.26,87.64,6,1,0,-1.61,1,84.85,0
45,mobile,new,low,direct,14.44,8.09,57.76,6,0,0,-0.16,1,96.38,0
21,tablet,new,high,paid,11.31,2.37,63.98,7,0,1,1.47,1,88.31,0
54,desktop,returning,medium,paid,9.52,13.2,63.8,1,1,1,1.75,1,85.46,0
45,desktop,new,low,paid,15.1,3.18,80.65,3,1,0,0.28,1,83.94,0
48,mobile,new,medium,organic,10.92,8.76,96.07,5,1,0,1.72,1,96.08,0
45,mobile,new,high,referral,7.73,8.67,72.36,5,1,1,0.65,1,86.5,0
44,mobile,new,low,organic,4.14,8.33,100.0,12,1,1,0.38,1,86.14,0
22,mobile,new,low,organic,9.23,6.02,82.94,8,0,1,0.23,1,81.44,0
44,mobile,new,low,organic,14.02,9.98,60.3,7,1,1,0.08,1,80.88,0
56,tablet,returning,low,organic,20.11,2.82,81.57,3,1,1,1.45,1,92.68,0
32,desktop,new,medium,referral,11.25,7.3,99.12,3,2,4,3.33,1,61.93,0
46,mobile,returning,high,referral,7.94,5.81,100.0,6,2,1,1.79,1,78.2,0
19,mobile,new,low,paid,6.26,5.47,88.74,4,1,0,0.02,1,84.68,0
34,mobile,returning,medium,organic,13.21,8.79,65.51,5,1,2,1.52,0,71.8,0
38,mobile,new,low,paid,3.94,10.73,60.67,6,2,5,2.0,1,58.99,0
65,tablet,new,medium,paid,13.2,6.47,76.52,6,0,3,2.1,1,80.33,0
28,mobile,returning,medium,direct,14.27,9.84,98.48,8,1,0,0.46,1,92.39,0
31,mobile,returning,medium,referral,12.75,7.65,73.68,6,1,1,0.07,1,82.21,0
37,desktop,returning,low,paid,10.12,4.82,74.09,7,2,1,1.22,1,81.55,0
65,mobile,new,medium,paid,13.26,6.73,66.03,5,0,1,0.39,1,86.67,0
58,mobile,returning,high,direct,11.68,6.6,58.44,4,1,1,2.36,1,69.92,0
19,desktop,returning,low,direct,7.89,5.41,61.76,4,0,1,-0.25,0,87.04,0
29,desktop,returning,low,paid,18.4,8.79,67.71,6,0,3,2.08,1,68.57,0
57,tablet,new,low,paid,9.59,8.2,99.36,6,1,2,0.68,1,77.46,0
20,desktop,returning,medium,organic,14.1,2.73,60.21,5,2,1,0.85,1,80.27,0
59,mobile,returning,medium,direct,1.33,2.55,66.05,4,1,0,0.57,1,85.27,0
31,desktop,returning,medium,paid,16.11,8.77,47.69,3,4,2,2.44,0,69.04,0
62,tablet,new,medium,organic,16.88,5.05,79.33,6,0,2,1.2,0,78.77,0
32,desktop,new,high,direct,11.12,8.41,92.33,4,1,0,0.62,1,87.14,0
38,tablet,returning,high,direct,13.24,9.84,97.49,9,2,3,2.13,0,80.47,0
49,desktop,new,low,organic,13.23,3.69,69.07,5,1,1,1.66,1,85.54,0
24,desktop,returning,medium,organic,8.43,3.27,76.49,5,0,1,0.36,1,85.99,0
44,mobile,new,low,organic,13.19,12.52,61.93,1,3,3,2.84,1,70.99,0
42,desktop,new,low,referral,7.77,8.55,75.56,5,0,0,0.3,1,84.64,0
55,mobile,returning,high,organic,8.56,6.24,71.28,4,1,1,1.13,1,94.6,0
65,desktop,new,medium,direct,15.51,4.7,66.17,6,4,0,1.92,1,73.21,0
49,desktop,new,high,direct,14.9,5.97,67.76,8,3,0,1.3,1,82.61,0
37,tablet,returning,medium,paid,8.17,3.93,74.04,6,1,1,1.33,0,78.37,0
37,tablet,returning,medium,referral,8.07,10.15,59.12,4,3,1,1.42,1,74.15,0
38,mobile,returning,medium,organic,8.42,5.17,60.15,4,0,1,-0.26,1,79.49,0
57,desktop,new,low,organic,13.93,10.78,99.15,5,3,2,1.15,0,69.67,0
33,desktop,new,low,direct,7.0,6.3,100.0,7,2,1,-0.04,1,90.13,0
26,mobile,returning,medium,organic,12.43,4.37,40.91,5,0,1,2.01,1,72.68,0
34,mobile,new,low,organic,13.99,6.22,39.81,6,1,0,-1.42,1,88.48,0
19,mobile,new,high,paid,10.65,0.5,45.86,5,2,1,2.25,1,80.39,0
23,desktop,new,low,organic,15.04,7.14,62.93,4,1,1,0.29,1,78.27,0
22,mobile,new,low,paid,9.78,6.99,82.92,6,3,1,2.6,1,82.15,0
55,tablet,returning,medium,direct,10.14,9.97,76.83,6,3,2,0.52,1,72.47,0
52,mobile,returning,low,direct,7.09,1.84,68.44,4,1,4,2.56,1,60.21,0
51,tablet,returning,high,referral,15.07,10.99,75.58,3,1,2,2.76,0,68.93,0
40,mobile,new,medium,direct,7.93,9.96,51.16,2,2,4,3.7,1,66.67,0
52,desktop,new,low,paid,12.4,11.26,60.12,7,1,1,0.73,1,83.84,0
25,mobile,new,medium,direct,10.71,7.34,64.6,3,2,2,0.35,0,73.6,0
61,desktop,new,medium,paid,6.79,10.54,33.32,6,2,2,0.88,0,66.05,0
42,desktop,new,medium,organic,8.56,3.09,41.77,4,1,3,3.26,0,65.47,0
63,tablet,new,high,direct,16.53,9.64,42.57,8,1,0,0.1,1,80.95,0
25,desktop,new,medium,organic,11.81,5.19,80.28,8,1,0,0.29,1,76.95,0
41,mobile,new,medium,organic,6.96,2.55,69.91,5,1,1,1.18,1,81.76,0
51,mobile,returning,low,organic,12.22,4.13,77.22,5,1,2,0.51,0,78.8,0
41,mobile,new,medium,paid,10.42,7.52,28.21,0,1,2,1.88,1,71.99,0
39,mobile,new,high,paid,24.82,5.03,35.33,4,1,1,0.61,0,86.05,0
25,desktop,returning,medium,paid,12.14,8.63,78.26,4,2,2,2.14,0,67.76,0
36,desktop,returning,medium,direct,9.48,2.08,9.43,6,2,1,0.84,1,68.16,0
29,desktop,returning,medium,organic,16.68,1.12,89.49,7,1,0,-0.91,1,89.34,0
32,desktop,new,medium,paid,3.64,11.62,28.53,4,1,2,1.26,0,71.29,0
50,desktop,returning,high,paid,11.38,10.21,81.87,5,2,2,2.45,1,64.62,0
48,desktop,new,low,direct,18.98,4.35,47.23,4,1,3,2.47,0,70.88,0
47,mobile,new,low,organic,10.54,7.49,85.98,3,0,0,0.02,0,89.81,0
35,mobile,new,medium,organic,4.07,10.56,100.0,14,1,2,2.31,1,67.48,0
64,desktop,new,medium,paid,9.42,8.76,19.54,5,0,2,1.05,1,71.84,0
22,desktop,new,medium,referral,16.82,7.94,78.91,3,0,2,1.25,1,74.82,0
34,mobile,new,low,direct,12.5,10.79,28.84,4,1,3,1.81,0,62.34,0
23,mobile,returning,medium,referral,7.64,5.31,73.54,10,2,1,2.07,1,71.8,0
34,desktop,new,medium,direct,8.26,7.59,60.86,5,0,2,1.43,1,80.0,0
64,mobile,new,medium,paid,8.76,7.45,67.6,5,0,0,-0.45,1,98.48,0
35,mobile,new,medium,organic,12.44,6.68,46.77,7,0,1,-0.59,1,82.2,0
61,desktop,new,medium,organic,16.35,6.33,80.61,5,2,2,2.78,1,62.92,0
41,desktop,new,medium,organic,15.21,7.72,36.03,9,0,1,0.0,1,81.04,0
51,mobile,new,medium,paid,12.82,7.6,89.83,10,1,1,1.01,1,82.61,0
39,desktop,new,medium,paid,5.67,4.35,56.81,5,2,1,3.18,1,71.21,0
30,mobile,returning,medium,paid,5.69,9.91,36.95,4,3,0,1.72,0,78.56,0
54,desktop,returning,medium,referral,13.13,4.57,96.9,3,2,0,1.99,0,90.91,0
64,mobile,new,low,paid,5.62,6.85,63.65,5,3,1,1.22,1,72.63,0
30,desktop,returning,low,referral,10.1,6.61,100.0,5,1,1,1.81,1,75.14,0
55,mobile,returning,medium,referral,12.22,8.57,89.43,2,0,0,0.03,1,78.46,0
30,mobile,returning,high,paid,6.45,1.14,49.04,4,1,0,0.64,1,79.69,0
52,desktop,returning,medium,paid,6.9,10.17,63.3,5,1,1,2.6,1,79.66,0
55,mobile,returning,low,referral,10.62,5.47,67.42,3,2,0,0.48,1,80.79,0
39,mobile,returning,medium,referral,13.01,11.16,95.53,7,0,1,0.66,1,82.36,0
53,mobile,returning,low,paid,15.25,6.07,73.75,8,2,1,0.58,1,83.26,0
31,desktop,new,medium,paid,13.43,7.35,68.53,10,0,1,1.31,1,86.0,0
21,desktop,new,high,referral,11.29,13.24,61.0,4,1,2,1.18,1,76.72,0
22,tablet,new,medium,referral,8.02,6.67,63.99,4,0,1,1.42,1,87.58,0
39,mobile,new,medium,organic,6.72,11.22,91.09,4,1,2,0.28,1,75.19,0
61,mobile,new,low,paid,8.96,7.62,65.07,8,0,1,1.04,1,76.24,0
24,mobile,new,medium,direct,12.64,8.75,57.1,4,2,4,2.6,1,60.32,0
39,desktop,new,high,organic,12.35,7.71,53.71,8,2,1,1.88,1,73.9,0
51,tablet,new,medium,direct,2.6,10.04,53.92,6,0,0,0.02,1,73.96,0
27,desktop,returning,medium,organic,7.86,5.44,36.96,3,3,2,1.82,1,65.36,0
52,desktop,new,medium,paid,15.82,4.55,49.99,8,2,1,0.99,1,83.63,0
32,mobile,new,low,paid,11.32,5.58,94.97,6,1,0,-0.33,0,92.2,0
56,tablet,returning,low,organic,5.33,7.8,60.87,2,0,2,1.87,1,80.66,0
45,mobile,returning,low,direct,20.42,6.84,79.09,5,2,0,-0.14,1,86.08,0
44,mobile,returning,medium,paid,10.88,9.63,15.42,6,2,1,1.11,1,81.54,0
26,mobile,returning,high,direct,12.54,11.41,76.37,8,2,1,1.63,0,72.0,0
40,mobile,returning,medium,organic,12.6,4.57,61.77,5,1,1,2.24,0,72.82,0
59,mobile,new,low,direct,9.53,5.3,55.37,6,2,0,0.69,1,89.19,0
18,mobile,new,low,direct,8.09,3.19,68.62,5,1,2,1.36,1,76.6,0
54,mobile,new,low,referral,19.49,13.59,55.08,3,2,1,1.6,1,73.58,0
41,desktop,returning,high,organic,15.01,8.41,22.52,3,2,0,-0.95,1,81.81,0
52,mobile,returning,medium,referral,14.29,8.94,83.44,8,0,1,-0.34,1,82.38,0
49,mobile,new,medium,paid,13.31,3.48,69.86,7,0,3,1.5,0,66.96,0
38,tablet,new,high,direct,6.99,7.5,58.72,5,1,0,-0.22,1,79.65,0
32,desktop,new,low,paid,16.11,9.03,45.68,7,0,2,-0.07,1,77.61,0
48,mobile,new,medium,organic,7.63,6.74,35.6,3,1,2,2.24,1,73.71,0
24,mobile,new,high,organic,12.13,10.73,69.48,6,1,2,1.8,1,85.64,0
46,desktop,new,medium,referral,4.44,14.44,97.27,4,1,0,0.56,1,87.73,0
22,mobile,returning,low,direct,2.84,4.66,69.06,6,1,1,0.39,1,79.44,0
49,mobile,new,high,organic,12.27,4.43,37.34,6,2,0,0.76,1,88.92,0
48,tablet,returning,high,direct,7.76,4.87,69.5,6,2,1,1.71,1,85.25,0
22,mobile,returning,medium,direct,3.04,12.32,63.93,2,1,1,0.8,1,81.54,0
54,desktop,new,medium,organic,13.16,10.63,82.28,7,3,0,1.45,0,72.51,0
37,desktop,new,low,organic,19.48,7.09,77.13,3,1,0,-0.29,1,82.19,0
55,desktop,returning,high,referral,16.56,7.61,5.28,5,1,1,1.03,1,67.31,0
19,mobile,new,medium,referral,9.97,5.05,75.9,6,0,0,0.91,1,89.13,0
26,mobile,returning,low,organic,11.04,10.17,44.93,1,2,2,2.92,0,66.74,0
41,mobile,new,medium,direct,14.55,6.36,36.57,7,3,0,2.11,1,87.81,0
27,mobile,returning,high,paid,15.49,6.72,61.23,5,0,2,1.43,0,66.32,0
33,desktop,returning,high,direct,9.63,9.33,73.22,5,0,0,0.05,1,81.62,0
49,mobile,new,low,direct,11.14,6.94,32.19,6,1,0,-0.01,1,83.13,0
24,desktop,new,low,direct,12.2,6.8,79.09,5,3,1,0.2,1,81.62,0
50,desktop,returning,high,paid,13.22,7.53,80.27,5,2,1,0.22,1,65.11,0
22,desktop,new,high,organic,10.47,9.89,65.94,5,0,0,-0.11,1,77.3,0
26,mobile,new,medium,paid,10.52,12.44,47.65,10,0,0,-0.02,1,83.94,0
46,mobile,new,medium,organic,16.52,9.26,45.41,7,3,0,2.2,0,85.59,0
56,tablet,new,medium,referral,15.84,9.91,85.52,5,1,1,2.03,1,94.59,0
26,desktop,returning,medium,organic,12.91,6.9,34.78,7,1,1,0.4,1,74.69,0
32,desktop,returning,low,paid,17.88,5.38,86.29,2,4,3,3.85,1,66.73,0
62,tablet,new,low,organic,9.45,9.46,61.7,5,1,1,0.59,1,75.38,0
65,desktop,returning,low,organic,17.49,8.01,63.08,6,1,2,2.1,1,79.57,0
45,mobile,new,high,organic,13.17,3.23,30.84,3,0,1,1.24,0,86.07,0
39,desktop,new,low,referral,24.08,6.52,62.07,4,0,1,1.59,1,89.98,0
34,mobile,new,low,direct,6.23,7.25,77.27,6,0,0,-0.39,1,88.9,0
47,desktop,returning,medium,organic,8.24,5.97,38.27,9,0,2,2.01,1,69.76,0
46,tablet,new,low,direct,12.68,11.95,74.97,3,1,2,0.11,1,77.25,0
32,mobile,new,low,direct,12.59,8.94,66.78,4,3,2,3.3,0,78.7,0
19,mobile,new,medium,paid,18.8,11.62,52.12,2,1,2,1.58,0,70.25,0
25,mobile,returning,medium,referral,8.33,8.29,82.09,8,0,0,0.0,1,78.76,0
64,tablet,new,medium,paid,14.62,7.74,20.95,8,1,0,-1.28,1,78.15,0
38,mobile,new,high,organic,15.65,4.69,71.93,2,1,0,0.04,1,84.76,0
41,mobile,returning,low,paid,13.82,7.54,97.39,7,3,2,3.33,1,64.96,0
40,mobile,new,high,organic,7.16,7.54,93.8,7,0,0,-0.34,1,92.45,0
55,mobile,new,high,direct,16.63,3.4,72.8,5,2,1,1.87,1,82.77,0
21,mobile,new,high,direct,15.92,5.88,58.97,6,0,2,1.23,0,86.64,0
21,mobile,new,medium,direct,13.4,6.53,52.28,4,2,1,2.15,1,69.28,0
31,mobile,new,medium,referral,11.82,8.74,58.94,3,1,0,0.51,1,89.26,0
41,mobile,returning,medium,referral,11.9,8.88,75.88,1,0,1,-0.13,0,88.11,0
50,mobile,returning,medium,direct,10.69,5.76,48.86,11,2,1,1.35,1,79.98,0
41,mobile,returning,low,organic,13.56,8.91,80.15,5,1,0,1.64,1,81.38,0
39,mobile,returning,high,organic,11.12,6.95,100.0,6,0,1,1.0,1,80.61,0
63,desktop,new,medium,referral,7.61,0.5,63.76,8,1,2,1.46,1,76.43,0
25,mobile,new,medium,paid,6.81,6.05,38.11,4,0,1,2.4,1,80.11,0
45,mobile,returning,medium,paid,7.99,10.74,38.11,1,2,0,1.67,1,77.02,0
44,mobile,new,low,organic,11.89,2.45,80.53,5,1,0,1.0,1,95.21,0
40,mobile,returning,medium,referral,10.89,7.84,63.81,4,1,1,1.2,1,78.25,0
56,mobile,returning,medium,organic,11.86,12.26,82.54,6,0,2,1.85,1,68.74,0
30,mobile,new,medium,organic,13.0,5.22,54.33,6,1,0,0.96,1,82.97,0
63,desktop,new,low,organic,8.49,7.51,81.61,4,3,0,-0.7,1,86.48,0
33,mobile,new,low,paid,16.86,3.59,61.83,4,0,1,0.92,1,84.47,0
44,mobile,new,medium,direct,9.93,12.38,50.35,6,3,1,1.59,0,75.25,0
42,mobile,new,medium,paid,9.27,7.25,56.98,6,1,1,0.55,0,87.0,0
58,mobile,new,high,referral,12.93,7.64,41.06,4,2,1,1.14,1,69.24,0
39,mobile,returning,low,direct,3.65,11.56,100.0,2,2,3,1.31,1,70.86,0
31,desktop,returning,low,paid,7.84,9.48,63.07,3,0,2,-0.22,1,87.04,0
19,desktop,returning,low,direct,14.92,4.87,77.89,5,3,2,3.25,1,61.74,0
35,mobile,new,medium,referral,4.05,5.56,54.26,5,3,2,2.62,1,70.39,0
57,mobile,new,medium,referral,15.47,8.98,43.96,7,0,0,-1.92,1,92.45,0
18,mobile,new,medium,organic,17.04,5.63,60.32,6,1,1,0.49,1,87.52,0
61,mobile,new,high,organic,9.52,1.15,87.02,7,1,0,1.05,1,92.2,0
44,desktop,returning,low,direct,12.17,7.34,54.59,5,0,0,-0.22,1,90.46,0
24,mobile,new,medium,direct,15.48,3.06,47.59,2,3,1,2.65,0,66.66,0
32,mobile,new,low,direct,9.13,12.35,68.11,3,3,0,1.96,1,90.21,0
44,tablet,returning,low,direct,14.47,8.03,74.98,3,0,0,-1.08,1,81.6,0
33,mobile,new,medium,organic,8.32,4.78,97.86,2,1,0,0.24,1,82.7,0
23,mobile,new,low,direct,9.09,5.4,72.08,4,1,3,1.79,0,72.58,0
49,desktop,new,medium,paid,7.8,1.83,77.88,2,0,1,-0.51,1,81.39,0
50,mobile,returning,medium,direct,12.37,4.2,79.39,3,2,3,1.34,1,72.17,0
23,mobile,returning,medium,organic,15.63,10.55,41.94,2,3,1,1.04,1,76.62,0
31,mobile,new,medium,organic,10.26,14.2,45.73,1,1,1,0.53,1,89.16,0
29,tablet,returning,medium,direct,5.92,9.68,43.32,2,1,2,1.8,0,74.2,0
49,mobile,returning,medium,direct,6.67,7.22,38.36,8,2,0,1.54,1,76.69,0
53,mobile,returning,low,referral,12.58,6.2,80.91,5,2,4,3.51,1,70.37,0
52,mobile,new,low,paid,18.38,4.63,70.8,5,0,1,1.2,1,78.51,0
63,mobile,new,medium,paid,12.57,13.68,66.59,8,1,3,2.02,1,76.87,0
54,desktop,returning,high,direct,9.45,6.93,13.15,5,2,0,1.18,1,77.77,0
33,mobile,new,low,paid,14.06,13.85,100.0,3,0,1,0.57,1,89.4,0
23,desktop,returning,medium,paid,10.04,11.68,47.11,4,2,2,1.6,1,61.17,0
47,desktop,returning,medium,referral,9.49,2.28,100.0,5,0,0,1.52,0,76.5,0
61,desktop,new,high,paid,7.17,5.5,36.02,8,3,1,-0.21,1,64.31,0
64,mobile,returning,medium,referral,16.63,5.49,48.75,5,3,0,-0.45,1,90.12,0
29,desktop,returning,medium,paid,1.0,7.26,20.94,10,2,0,1.01,0,69.62,0
29,desktop,returning,medium,direct,14.19,7.32,72.24,3,0,2,0.99,1,83.26,0
19,mobile,new,high,direct,9.15,16.49,42.97,3,1,0,-0.67,1,79.11,0
24,desktop,returning,low,direct,9.36,4.27,43.54,6,3,2,1.41,1,67.98,0
44,desktop,new,high,referral,17.77,8.19,37.55,11,0,0,-0.74,1,84.04,0
44,mobile,returning,low,paid,8.14,9.35,80.55,6,2,0,1.43,1,95.33,0
35,tablet,returning,high,direct,8.28,7.5,79.23,4,1,2,2.52,1,81.21,0
32,mobile,returning,low,direct,10.48,7.83,100.0,5,0,2,2.51,0,82.71,0
57,desktop,new,low,referral,12.66,4.37,51.29,8,2,0,-0.57,1,89.73,0
40,tablet,new,low,referral,9.23,7.82,69.38,3,2,1,0.21,1,75.53,0
56,mobile,new,medium,direct,4.7,9.03,39.21,5,1,4,1.62,1,69.72,0
64,desktop,new,low,referral,7.54,8.48,58.3,4,1,0,1.39,1,90.2,0
33,mobile,new,low,direct,16.13,9.21,54.62,4,1,1,1.3,1,84.89,0
27,desktop,new,medium,organic,11.3,11.74,74.29,3,2,2,2.02,0,72.38,0
63,desktop,new,medium,paid,12.8,10.31,85.34,7,2,0,0.92,1,83.42,0
48,mobile,returning,medium,referral,9.95,7.71,84.82,2,1,0,0.3,0,80.96,0
31,mobile,returning,high,organic,8.36,3.98,48.14,3,2,1,0.4,1,71.93,0
47,mobile,new,medium,direct,17.71,5.7,84.97,5,2,1,1.71,1,75.69,0
42,mobile,returning,low,referral,10.25,6.84,64.12,3,2,1,1.15,1,80.9,0
61,mobile,returning,low,organic,9.23,8.26,58.51,6,2,2,0.94,1,71.85,0
30,mobile,new,high,direct,15.38,6.07,50.83,6,0,1,1.06,1,83.69,0
65,mobile,new,low,direct,8.11,4.69,53.8,6,0,1,0.26,1,84.38,0
62,mobile,returning,medium,direct,8.62,3.94,99.85,1,2,1,1.48,1,76.62,0
26,desktop,returning,high,paid,11.04,2.55,71.15,7,0,4,2.3,1,62.6,0
25,desktop,returning,high,direct,11.0,6.8,68.49,5,2,5,4.41,1,58.65,0
43,desktop,returning,medium,paid,12.04,3.09,59.76,3,0,0,0.18,1,82.32,0
20,mobile,returning,medium,referral,19.37,4.5,100.0,2,0,2,0.49,1,76.92,0
32,desktop,new,medium,organic,12.34,6.32,91.1,5,0,1,0.86,1,96.11,0
38,desktop,returning,medium,referral,1.49,3.49,50.58,6,1,2,1.83,1,65.07,0
64,mobile,new,low,direct,12.31,8.64,59.53,1,0,1,1.02,0,92.48,0
65,mobile,returning,low,referral,11.15,9.72,60.72,6,1,1,1.8,1,82.02,0
25,desktop,new,medium,paid,11.17,5.85,67.92,7,1,2,1.06,1,82.27,0
60,mobile,new,low,direct,11.98,6.19,50.98,2,0,2,1.73,1,81.53,0
22,mobile,returning,medium,referral,10.89,9.11,73.78,11,0,0,-1.36,1,92.35,0
53,tablet,new,medium,organic,10.79,5.36,94.04,4,3,1,1.55,1,90.26,0
58,mobile,returning,high,direct,13.45,5.15,38.73,9,3,0,0.83,1,71.95,0
60,mobile,new,high,direct,8.83,11.09,42.44,1,4,1,3.2,0,69.35,0
28,tablet,returning,medium,direct,7.21,10.15,55.34,3,1,1,0.86,1,74.52,0
60,desktop,returning,medium,direct,23.1,9.3,56.26,10,0,1,1.11,1,71.58,0
23,mobile,new,low,direct,8.14,10.28,100.0,7,1,1,-0.43,1,81.03,0
42,desktop,returning,medium,direct,11.4,1.57,85.03,5,1,1,0.67,1,94.44,0
40,desktop,new,low,referral,5.02,11.56,83.89,4,0,3,1.18,0,72.63,0
33,mobile,returning,high,organic,11.47,8.68,59.71,2,0,2,3.19,0,87.47,0
19,desktop,returning,high,paid,7.27,10.53,59.27,3,1,1,0.45,1,92.63,0
55,mobile,returning,high,direct,9.23,8.66,35.97,6,1,1,1.02,1,95.29,0
34,mobile,new,high,paid,15.18,7.65,80.63,8,3,1,1.75,1,90.11,0
49,desktop,new,high,direct,12.89,6.67,74.82,6,0,1,-0.67,0,96.33,0
37,mobile,returning,low,organic,13.27,8.6,90.72,5,2,2,1.49,1,79.04,0
35,desktop,new,high,paid,3.92,6.56,60.78,3,2,2,2.22,1,74.86,0
60,desktop,new,medium,paid,18.35,10.1,62.16,3,1,0,0.45,1,87.03,0
22,mobile,new,medium,paid,6.23,2.74,68.4,1,0,1,-1.24,1,83.21,0
53,desktop,new,medium,organic,17.11,5.88,82.84,6,3,2,1.8,1,75.04,0
53,mobile,returning,low,organic,15.09,13.63,35.6,4,2,0,1.6,1,84.58,0
36,desktop,new,low,direct,13.31,5.62,79.72,8,1,1,1.42,1,79.77,0
30,mobile,new,low,paid,7.58,6.78,64.59,7,2,2,2.87,1,65.69,0
18,desktop,returning,low,organic,11.61,4.85,43.83,9,0,1,-0.19,1,82.44,0
62,desktop,new,medium,organic,9.12,8.51,23.31,5,2,0,1.73,1,74.44,0
63,mobile,returning,high,paid,11.12,5.29,62.27,3,2,1,1.26,1,74.94,0
29,desktop,new,medium,organic,10.0,6.94,93.95,5,1,0,1.62,1,88.22,0
19,desktop,returning,medium,direct,2.85,10.05,98.49,4,0,2,1.23,1,79.79,0
23,desktop,returning,medium,direct,15.49,5.4,72.11,3,0,1,-1.04,1,90.31,0
21,desktop,returning,medium,organic,10.68,9.87,100.0,7,2,0,1.41,1,86.8,0
57,tablet,new,low,referral,9.06,9.97,64.14,6,0,1,0.27,1,89.66,0
60,mobile,new,high,organic,8.76,10.66,84.07,3,2,2,1.64,1,77.52,0
25,mobile,returning,low,paid,12.43,7.92,55.98,3,2,1,0.14,0,75.39,0
53,mobile,new,medium,direct,7.42,17.22,54.71,6,1,0,1.79,1,85.31,0
26,desktop,new,medium,paid,1.98,10.66,51.45,7,1,2,1.17,1,66.62,0
35,mobile,new,medium,direct,12.63,8.47,23.79,6,0,1,1.87,1,79.88,0
46,mobile,returning,high,organic,13.08,4.87,90.74,3,0,2,0.86,1,86.18,0
52,mobile,returning,low,paid,10.2,7.21,52.17,5,0,2,0.46,0,80.61,0
59,desktop,returning,high,paid,6.41,11.78,48.97,7,3,1,2.76,1,66.76,0
20,mobile,returning,medium,paid,11.36,12.63,41.4,1,1,0,0.36,0,71.85,0
27,desktop,new,medium,direct,5.14,11.93,60.91,9,1,0,0.36,1,81.89,0
31,mobile,new,medium,organic,6.89,9.86,100.0,7,2,0,-0.3,1,96.11,0
32,tablet,new,high,direct,8.0,3.73,100.0,5,2,1,0.93,1,84.33,0
65,mobile,returning,high,direct,14.38,8.96,31.78,3,0,1,0.96,1,74.17,0
55,mobile,new,medium,referral,9.55,3.78,57.91,5,2,0,-0.34,1,74.03,0
33,desktop,returning,high,paid,9.21,3.04,44.31,6,1,1,0.52,1,74.21,0
64,tablet,returning,medium,paid,18.82,8.22,84.77,6,1,1,0.62,1,78.66,0
41,mobile,new,medium,organic,12.41,9.07,70.73,7,0,1,0.67,1,89.1,0
42,mobile,new,high,direct,12.36,10.21,52.27,6,1,1,2.17,1,85.35,0
38,desktop,new,medium,paid,9.52,8.99,66.45,7,1,1,0.72,1,74.67,0
24,desktop,returning,medium,direct,8.61,9.09,55.45,4,0,0,-0.54,1,90.97,0
62,mobile,returning,low,referral,2.25,4.55,97.28,4,2,1,3.5,1,86.58,0
18,mobile,returning,low,paid,14.87,7.19,75.94,3,1,2,1.2,0,68.43,0
26,desktop,new,high,direct,12.79,2.98,78.4,4,1,2,1.4,0,75.3,0
29,desktop,new,medium,paid,10.28,1.49,11.66,7,2,0,0.41,1,79.24,0
31,desktop,new,medium,direct,10.45,9.72,63.66,6,3,1,1.45,1,77.62,0
24,desktop,new,low,organic,13.94,5.24,100.0,5,2,0,0.76,1,77.54,0
18,mobile,new,medium,direct,4.78,10.12,91.52,2,0,0,0.77,1,91.57,0
50,tablet,new,high,direct,8.64,10.83,28.06,3,0,0,0.37,1,86.98,0
64,desktop,returning,high,direct,6.45,5.64,58.73,7,1,0,1.21,1,94.33,0
23,desktop,new,low,paid,18.09,9.27,40.97,0,1,0,1.2,1,78.7,0
32,mobile,new,medium,direct,14.5,5.52,99.22,7,0,3,1.97,1,74.03,0
42,mobile,returning,medium,paid,2.19,1.96,69.89,9,1,0,0.65,1,84.93,0
62,desktop,new,medium,direct,4.94,7.87,49.64,6,0,1,1.49,1,82.7,0
51,mobile,returning,medium,organic,10.47,6.09,65.68,8,1,1,0.06,1,81.46,0
54,tablet,returning,medium,paid,9.11,6.18,12.85,4,2,1,3.3,1,76.17,0
45,mobile,returning,medium,paid,5.7,13.43,43.3,8,0,3,1.47,1,63.84,0
38,desktop,returning,medium,paid,18.78,2.92,65.73,10,1,2,1.27,1,78.47,0
27,desktop,new,medium,paid,12.25,8.65,81.91,6,0,2,0.24,1,75.58,0
59,mobile,returning,medium,direct,12.9,4.52,26.17,7,3,1,0.7,0,69.48,0
56,mobile,new,high,organic,8.23,10.22,57.38,5,0,1,1.41,0,90.33,0
19,desktop,new,medium,direct,13.89,8.4,85.19,5,1,1,2.77,1,74.83,0
52,desktop,new,low,organic,9.48,8.64,35.97,7,0,2,0.76,1,72.84,0
22,mobile,new,high,direct,9.87,4.67,69.58,7,0,1,0.88,1,75.7,0
53,desktop,returning,high,direct,13.44,5.2,66.32,5,0,0,0.18,1,88.68,0
57,tablet,new,low,paid,4.48,10.28,99.29,6,1,1,1.78,0,89.4,0
24,mobile,new,medium,direct,17.39,12.81,60.4,4,1,3,4.0,1,71.67,0
38,mobile,new,low,direct,11.73,8.94,61.57,4,1,1,2.18,1,79.69,0
23,mobile,returning,medium,direct,16.12,4.81,82.1,4,3,3,2.66,1,77.22,0
45,mobile,new,low,paid,6.7,8.52,38.47,1,2,0,1.13,1,82.4,0
62,mobile,returning,medium,paid,7.31,14.78,60.58,10,1,2,2.15,1,80.39,0
21,mobile,returning,low,direct,6.35,7.81,55.89,9,1,4,2.73,1,69.6,0
37,desktop,new,medium,organic,12.0,11.89,62.22,2,2,1,0.48,1,61.21,0
64,mobile,returning,high,direct,11.26,5.28,81.97,7,2,1,0.66,1,80.38,0
32,tablet,new,medium,paid,9.14,7.37,76.08,3,1,1,1.87,1,75.66,0
24,mobile,new,high,direct,6.94,9.36,50.03,7,1,0,1.37,1,78.83,0
41,mobile,returning,high,organic,5.93,8.69,67.73,4,3,0,0.89,1,90.78,0
42,desktop,returning,high,organic,10.81,5.2,94.81,4,2,1,1.51,1,80.13,0
49,desktop,new,low,direct,9.14,5.07,48.37,9,0,0,0.96,1,96.96,0
33,mobile,new,high,direct,8.26,10.46,67.9,7,1,0,-0.98,1,77.5,0
63,mobile,new,low,direct,17.19,11.07,61.14,5,2,0,0.39,1,76.63,0
43,mobile,new,medium,direct,10.67,12.04,63.74,3,2,2,3.57,1,78.42,0
31,mobile,returning,high,paid,16.08,12.91,32.39,6,3,0,1.36,1,75.64,0
64,mobile,returning,medium,organic,8.87,7.9,93.22,5,0,0,-0.9,1,92.83,0
62,mobile,returning,medium,organic,11.98,6.57,49.51,5,1,1,1.04,0,76.47,0
41,mobile,new,medium,paid,10.78,11.55,85.52,3,0,0,0.87,1,89.21,0
19,mobile,returning,high,organic,4.21,9.64,52.57,2,0,0,-2.01,1,84.28,0
46,tablet,returning,medium,direct,16.71,4.55,52.49,7,2,0,0.84,1,83.18,0
44,desktop,returning,medium,organic,10.46,4.4,89.26,6,2,1,1.0,0,83.76,0
25,mobile,new,high,organic,13.99,8.98,84.88,6,0,3,0.5,0,83.47,0
48,mobile,new,low,organic,7.99,6.97,69.17,9,1,4,2.82,1,65.69,0
58,mobile,new,low,organic,10.34,7.42,80.22,2,1,2,1.44,1,75.46,0
23,mobile,new,medium,organic,7.53,10.72,59.23,3,1,0,0.37,1,81.77,0
52,desktop,new,high,referral,15.94,9.78,64.83,11,1,1,0.7,1,89.6,0
24,desktop,new,low,paid,12.25,11.49,51.77,2,2,1,0.54,1,81.35,0
53,tablet,returning,low,referral,12.47,1.71,83.08,7,2,1,0.14,1,69.58,0
38,tablet,new,low,direct,16.43,8.26,51.13,7,0,3,1.25,1,59.88,0
18,tablet,returning,high,referral,15.63,9.58,94.7,5,1,0,1.06,0,82.38,0
64,tablet,new,low,referral,14.06,2.92,58.68,6,2,0,0.89,1,84.22,0
25,mobile,returning,medium,paid,5.31,5.54,65.41,10,2,0,0.64,1,83.45,0
46,mobile,new,high,organic,8.22,4.98,80.17,5,2,1,0.47,0,81.91,0
26,mobile,new,low,paid,6.98,7.57,65.48,3,4,0,1.1,1,78.6,0
62,desktop,returning,medium,direct,13.91,12.38,59.04,4,1,1,1.61,1,88.47,0
53,mobile,returning,medium,referral,11.68,13.57,64.4,3,0,0,0.49,1,92.16,0
56,desktop,new,high,organic,5.44,5.06,82.88,4,1,1,0.57,1,83.41,0
38,desktop,new,medium,paid,10.25,9.08,51.74,3,6,2,1.23,0,69.48,0
40,mobile,returning,medium,direct,5.02,9.18,62.48,7,2,2,1.38,1,63.8,0
48,mobile,returning,low,referral,10.79,8.66,65.21,2,0,1,0.22,1,82.31,0
55,mobile,new,medium,referral,4.38,8.7,82.29,4,0,2,0.48,1,80.9,0
58,mobile,new,medium,direct,13.12,8.41,63.0,7,1,1,0.63,1,84.17,0
18,desktop,new,low,referral,12.51,12.56,100.0,6,2,2,2.62,1,67.91,0
49,desktop,returning,medium,referral,18.63,10.81,61.87,2,4,0,1.41,1,77.66,0
23,desktop,new,high,organic,14.39,4.32,60.25,11,1,1,1.74,1,82.63,0
31,mobile,new,low,organic,9.31,9.89,61.58,3,0,0,-1.18,1,90.05,0
57,mobile,returning,low,direct,14.27,10.18,38.67,5,1,0,0.14,1,89.56,0
30,mobile,new,medium,referral,5.41,8.44,44.27,4,1,1,-0.59,1,82.88,0
56,desktop,new,low,paid,7.15,10.89,54.39,4,1,2,1.25,1,74.36,0
40,desktop,new,low,referral,12.33,8.06,87.72,6,1,1,0.11,1,87.58,0
29,mobile,new,medium,organic,2.37,8.1,64.34,6,1,0,1.38,1,84.31,0
34,tablet,new,low,direct,10.85,7.86,55.31,4,0,1,0.93,0,80.72,0
43,mobile,new,medium,organic,6.92,1.45,89.53,3,0,2,2.01,1,85.71,0
54,desktop,returning,medium,direct,11.41,7.26,96.02,2,0,2,0.86,0,79.65,0
47,mobile,returning,medium,paid,6.69,5.5,90.11,1,4,2,1.78,1,75.18,0
62,mobile,new,low,organic,12.7,3.94,47.94,2,0,1,-0.24,1,86.52,0
59,desktop,new,high,organic,11.08,11.8,55.1,6,0,0,0.27,1,90.68,0
54,mobile,new,low,direct,16.6,9.01,100.0,5,1,0,1.81,1,97.2,0
46,mobile,returning,medium,organic,11.03,7.41,69.82,2,1,3,2.48,0,83.95,0
31,mobile,new,medium,organic,7.93,5.81,59.65,0,1,1,0.65,0,82.58,0
37,mobile,returning,medium,direct,10.01,8.39,79.37,7,1,0,0.2,1,84.56,0
23,desktop,new,low,paid,5.62,10.47,85.15,9,2,1,1.31,1,84.29,0
35,desktop,returning,low,paid,12.62,5.02,53.57,6,0,2,2.82,0,77.64,0
62,desktop,new,medium,organic,13.36,7.49,69.39,6,0,4,3.39,0,70.81,0
38,mobile,returning,low,direct,20.88,10.1,83.53,4,0,0,0.24,1,98.79,0
23,mobile,new,low,organic,8.51,1.69,41.79,5,0,0,0.09,1,74.71,0
49,mobile,returning,medium,organic,9.93,7.33,65.25,3,0,1,0.84,1,91.91,0
64,mobile,new,high,paid,8.7,6.21,42.71,1,4,1,2.4,1,83.23,0
59,mobile,returning,low,organic,11.85,7.1,45.33,3,5,1,2.02,0,72.05,0
31,tablet,returning,high,paid,12.53,6.0,53.74,7,0,1,-0.08,0,83.2,0
39,desktop,returning,medium,organic,10.79,7.91,74.54,3,0,1,1.43,1,82.5,0
43,desktop,new,high,organic,15.35,13.27,58.56,5,1,0,0.45,1,84.87,0
29,mobile,new,medium,paid,8.53,6.53,52.03,3,0,0,0.76,1,90.23,0
30,mobile,new,medium,direct,14.94,8.38,66.03,8,0,2,2.52,0,80.13,0
29,mobile,new,medium,organic,13.15,13.48,42.06,8,2,1,1.8,0,78.57,0
65,mobile,new,medium,organic,10.95,5.85,73.58,6,0,0,0.29,1,92.39,0
53,mobile,returning,high,direct,9.74,12.94,87.63,4,1,1,3.58,0,87.11,0
58,mobile,returning,low,direct,20.71,7.52,63.42,1,2,1,1.47,1,83.33,0
57,mobile,new,low,referral,7.73,12.85,60.95,5,1,2,0.75,0,67.57,0
64,tablet,returning,low,organic,12.19,9.75,72.47,5,3,2,2.05,1,77.89,0
23,mobile,returning,high,paid,8.0,8.42,24.43,7,3,1,2.9,1,83.08,0
60,tablet,returning,medium,organic,18.14,7.3,75.74,3,1,0,-0.69,1,86.73,0
21,mobile,new,medium,organic,14.55,5.63,100.0,1,0,1,-0.0,1,96.0,0
40,desktop,new,high,paid,8.29,7.73,62.55,7,2,3,3.39,1,63.4,0
46,mobile,returning,high,referral,13.05,10.19,62.62,5,5,0,1.57,0,75.34,0
35,mobile,new,low,paid,12.03,7.46,79.87,1,0,1,0.51,1,80.74,0
25,mobile,new,medium,referral,8.93,6.55,97.91,4,0,4,3.26,0,78.82,0
27,mobile,returning,high,organic,14.03,6.75,84.5,6,1,0,-0.22,1,97.78,0
57,tablet,returning,low,paid,12.56,10.48,21.89,2,1,2,0.41,0,68.43,0
33,mobile,returning,medium,direct,11.86,11.18,76.27,9,0,0,-1.06,1,95.98,0
32,desktop,returning,medium,direct,10.83,5.5,100.0,4,0,1,1.07,1,96.9,0
62,mobile,new,medium,paid,12.72,5.49,77.45,5,1,1,1.16,1,82.1,0
24,mobile,new,medium,referral,11.92,8.64,41.91,2,1,1,0.41,1,78.81,0
61,mobile,new,low,organic,11.24,12.08,70.64,6,1,2,0.68,1,81.08,0
62,mobile,new,low,organic,8.44,10.94,39.39,5,1,4,2.58,1,58.27,0
46,tablet,new,low,direct,17.78,3.74,89.66,5,0,0,0.89,1,91.22,0
25,desktop,returning,low,organic,6.8,6.71,45.88,5,1,1,0.28,1,91.36,0
25,desktop,new,medium,paid,12.71,4.71,66.48,9,1,2,1.02,1,73.18,0
31,mobile,returning,medium,paid,9.72,6.7,47.84,8,0,0,-0.95,1,90.66,0
45,mobile,new,low,organic,18.04,12.31,54.07,0,1,2,1.32,1,77.83,0
25,tablet,new,medium,organic,7.39,3.23,94.72,2,1,1,1.22,1,83.38,0
39,mobile,new,medium,paid,8.06,2.64,67.07,2,1,1,2.64,1,82.38,0
23,mobile,new,medium,direct,7.12,5.01,53.82,7,3,1,1.82,1,85.97,0
43,mobile,returning,high,referral,12.29,8.36,42.1,5,2,1,1.26,1,79.37,0
19,desktop,new,medium,paid,5.51,9.36,27.57,6,0,1,1.31,1,82.57,0
52,desktop,new,high,organic,9.09,8.81,39.97,6,3,0,1.62,1,88.2,0
20,desktop,returning,low,referral,2.39,11.03,67.24,6,3,2,1.83,1,70.53,0
27,desktop,new,medium,organic,11.96,2.21,84.6,4,1,1,2.79,1,76.87,0
26,mobile,new,high,paid,9.0,11.07,53.79,8,0,2,1.23,1,87.27,0
57,tablet,new,high,direct,5.05,6.56,96.41,6,1,0,0.54,1,90.19,0
20,mobile,new,medium,paid,15.34,9.69,50.65,2,2,1,1.77,1,82.44,0
38,desktop,returning,medium,organic,5.77,3.53,60.24,4,2,1,1.58,0,71.85,0
46,mobile,new,medium,organic,14.19,7.51,43.41,2,1,0,1.57,1,85.34,0
42,tablet,new,medium,organic,8.2,8.21,84.82,2,1,0,-0.12,1,81.4,0
50,mobile,new,medium,paid,17.41,10.97,100.0,4,1,0,1.02,1,90.18,0
56,mobile,new,high,direct,14.0,2.74,29.76,7,0,1,0.73,0,72.88,0
36,mobile,new,medium,organic,6.97,7.59,58.08,1,1,2,2.34,1,69.9,0
57,mobile,returning,low,referral,7.33,4.24,90.3,4,2,0,0.53,1,84.82,0
33,mobile,new,medium,referral,13.42,9.02,36.06,5,0,1,0.33,0,63.77,0
65,desktop,returning,low,organic,9.95,9.83,76.33,5,2,0,1.31,1,78.0,0
42,mobile,new,low,organic,10.32,11.36,89.43,5,1,0,0.69,1,93.23,0
53,tablet,new,low,paid,16.09,5.89,66.56,8,0,0,-0.66,1,89.87,0
60,mobile,new,medium,referral,8.01,10.28,76.01,4,1,1,2.06,1,75.68,0
56,desktop,returning,low,paid,11.37,11.58,100.0,4,0,0,0.64,1,95.09,0
58,mobile,returning,low,direct,14.82,2.57,100.0,1,2,1,1.24,1,77.73,0
43,desktop,new,low,direct,14.24,9.34,63.76,5,0,1,0.25,1,86.98,0
20,desktop,new,high,direct,10.36,10.38,54.35,2,1,2,1.88,1,74.03,0
41,mobile,returning,medium,direct,9.84,6.72,46.6,7,2,2,2.43,0,68.04,0
26,tablet,new,low,direct,4.04,3.87,84.54,5,2,2,0.62,1,75.8,0
60,mobile,new,low,direct,6.78,10.33,37.56,1,0,1,0.94,1,94.86,0
29,mobile,new,medium,direct,12.27,3.9,59.95,1,0,2,1.72,0,71.04,0
28,desktop,returning,low,direct,10.45,6.96,67.05,4,2,1,-0.58,1,80.41,0
29,desktop,returning,medium,direct,11.3,7.38,54.94,7,0,3,1.96,0,74.88,0
48,mobile,new,medium,direct,15.16,9.65,70.6,2,2,0,1.28,1,78.5,0
45,mobile,returning,high,paid,6.25,5.62,100.0,6,2,0,1.16,1,78.23,0
63,desktop,new,low,referral,10.06,5.45,62.57,4,1,2,2.19,0,70.3,0
37,desktop,new,medium,paid,11.75,7.8,56.29,0,0,0,-0.26,0,89.31,0
31,tablet,new,low,direct,8.18,10.52,85.31,4,1,0,-0.44,1,85.98,0
20,mobile,new,high,paid,16.73,14.36,69.79,6,2,1,-0.04,1,77.99,0
18,desktop,new,high,direct,14.63,2.98,93.79,8,1,0,1.22,1,94.52,0
35,mobile,new,medium,direct,12.16,8.45,68.29,4,0,1,1.17,1,78.36,0
62,tablet,new,medium,direct,18.18,4.24,60.03,6,1,1,1.88,1,79.67,0
43,mobile,returning,low,organic,5.0,10.56,29.33,3,1,0,-0.19,1,72.24,0
60,desktop,new,high,direct,10.97,4.68,32.61,9,2,2,2.54,0,70.24,0
22,mobile,new,medium,direct,12.47,5.48,28.29,5,2,2,0.7,1,70.97,0
22,desktop,returning,low,direct,7.34,5.73,72.59,8,2,2,1.2,0,77.88,0
58,desktop,returning,medium,direct,12.2,7.27,37.76,5,1,2,1.65,1,65.86,0
23,mobile,returning,medium,referral,6.57,8.47,90.11,4,3,1,2.19,0,76.86,0
20,tablet,returning,high,referral,13.76,8.95,65.6,7,0,2,2.56,1,70.4,0
37,mobile,returning,medium,organic,15.23,7.48,60.12,2,0,1,0.41,1,80.74,0
62,desktop,new,medium,direct,12.09,3.51,48.12,4,1,2,0.86,1,82.87,0
51,mobile,new,medium,organic,3.59,9.68,77.45,2,3,1,0.94,1,76.37,0
22,mobile,returning,low,direct,7.13,7.34,48.91,8,0,3,1.25,1,63.07,0
58,mobile,new,medium,direct,13.26,10.99,45.29,8,2,2,3.72,1,67.56,0
58,mobile,new,low,paid,11.08,5.38,88.77,10,2,2,2.51,1,67.19,0
56,mobile,new,medium,organic,1.0,2.69,72.09,4,1,0,1.24,1,78.68,0
61,desktop,new,medium,organic,15.97,7.4,60.3,3,1,1,0.76,1,84.26,0
29,desktop,new,medium,direct,11.55,11.39,77.83,5,0,3,1.85,1,66.06,0
65,desktop,new,low,paid,7.72,7.98,65.18,2,0,2,1.76,1,79.9,0
33,mobile,returning,low,organic,14.98,6.9,72.66,4,2,1,0.9,1,79.87,0
56,mobile,returning,medium,direct,8.29,4.89,48.66,6,1,0,0.12,1,80.45,0
45,mobile,new,low,organic,8.25,12.77,100.0,4,0,1,0.13,1,88.36,0
55,desktop,returning,low,direct,12.43,4.41,53.41,6,1,2,1.19,0,67.18,0
48,desktop,new,medium,paid,18.12,5.32,96.12,6,2,1,1.34,0,85.78,0
48,mobile,returning,medium,organic,17.49,9.21,61.22,5,4,1,1.36,1,70.16,0
47,desktop,returning,medium,organic,12.44,1.93,81.14,2,0,0,0.23,1,87.22,0
55,mobile,new,medium,paid,12.85,11.32,79.68,4,2,0,0.98,1,82.33,0
53,mobile,returning,high,paid,14.17,9.37,87.94,4,2,1,1.18,1,85.69,0
24,mobile,returning,low,direct,5.97,10.2,48.19,5,2,2,1.27,1,75.25,0
57,mobile,returning,medium,paid,13.58,9.17,86.51,8,0,0,0.1,1,74.45,0
43,desktop,returning,high,paid,8.06,7.02,100.0,2,4,0,1.0,0,83.53,0
33,tablet,new,medium,organic,12.27,4.31,59.83,6,2,2,1.94,1,62.91,0
42,mobile,new,medium,organic,10.09,7.08,65.69,6,1,1,1.83,1,78.84,0
64,mobile,returning,medium,direct,13.0,4.57,54.53,5,2,1,0.3,1,76.89,0
59,desktop,returning,medium,organic,11.47,8.96,58.07,6,3,0,2.8,1,78.66,0
58,tablet,returning,medium,direct,1.0,9.92,99.23,5,1,1,0.92,1,87.91,0
40,desktop,new,medium,paid,11.72,11.93,44.92,5,2,1,1.69,1,80.71,0
55,mobile,new,low,organic,13.57,8.62,46.16,9,2,0,0.11,1,76.7,0
36,desktop,new,low,organic,12.78,10.27,97.22,4,2,1,2.25,0,76.01,0
50,mobile,returning,medium,organic,10.59,6.61,77.49,5,1,1,0.85,1,82.08,0
48,tablet,new,low,direct,17.57,6.07,100.0,6,1,0,0.03,1,80.54,0
29,mobile,returning,medium,paid,12.25,8.92,55.99,6,0,1,0.15,0,77.06,0
30,desktop,returning,medium,paid,12.75,6.34,67.53,6,1,1,0.74,1,89.19,0
20,mobile,new,high,referral,15.18,8.31,51.79,4,2,1,1.64,1,68.18,0
24,mobile,new,low,referral,12.45,4.32,67.87,7,3,0,1.19,1,79.9,0
38,desktop,new,medium,direct,7.41,4.86,29.52,8,1,3,2.12,1,63.39,0
40,desktop,returning,medium,direct,1.25,9.41,78.7,5,0,0,-0.55,1,100.0,0
25,mobile,returning,low,referral,9.09,10.16,71.47,7,1,0,-0.23,0,81.35,0
38,tablet,new,low,direct,14.04,4.54,63.85,6,2,2,1.53,1,70.98,0
47,desktop,new,low,direct,9.59,9.51,57.19,6,2,1,1.69,1,71.68,0
29,mobile,new,low,paid,14.2,5.9,47.1,8,2,1,1.83,1,76.71,0
34,mobile,new,low,direct,11.59,7.55,79.55,5,2,2,2.54,1,77.37,0
35,mobile,returning,medium,organic,16.15,11.75,41.58,3,2,2,1.96,0,64.07,0
42,desktop,returning,medium,direct,9.82,9.92,75.24,7,1,4,3.09,1,73.56,0
35,mobile,new,low,direct,12.87,9.89,100.0,6,0,1,0.49,1,88.63,0
53,mobile,returning,low,organic,13.02,13.23,94.71,8,0,0,-1.32,1,96.28,0
33,tablet,new,low,direct,17.01,5.39,34.9,4,1,1,0.78,1,75.22,0
38,tablet,returning,medium,direct,4.17,4.54,54.27,7,0,0,-0.3,0,85.97,0
36,desktop,new,low,organic,9.17,5.33,73.43,10,2,1,0.47,1,78.53,0
26,tablet,returning,medium,paid,14.39,6.74,63.59,6,0,2,0.75,1,86.58,0
50,desktop,returning,low,direct,17.18,0.5,37.01,6,3,0,1.16,1,78.94,0
29,desktop,new,low,direct,11.96,6.88,72.71,6,2,3,1.59,1,70.18,0
32,desktop,returning,high,organic,9.83,5.87,64.8,2,0,0,-0.57,1,84.83,0
56,mobile,returning,low,paid,14.03,9.85,100.0,7,1,1,2.22,1,81.9,0
63,mobile,new,low,referral,14.47,8.56,59.94,13,0,4,1.13,1,69.22,0
50,mobile,new,low,organic,9.56,5.7,88.36,4,3,2,2.1,0,77.92,0
61,desktop,returning,high,paid,12.32,9.27,39.66,6,3,3,1.94,1,60.05,0
59,mobile,new,medium,organic,15.72,9.67,44.44,8,1,1,0.37,1,79.09,0
41,mobile,new,medium,organic,18.56,5.19,79.43,4,3,0,0.89,1,84.44,0
54,desktop,new,high,referral,13.97,6.02,86.67,3,2,2,1.11,0,76.95,0
33,mobile,returning,low,referral,11.18,0.82,45.85,8,0,0,0.46,1,75.06,0
40,mobile,new,high,referral,10.78,4.23,65.48,7,2,1,2.38,1,73.31,0
43,desktop,new,low,direct,13.23,5.27,37.37,5,1,3,2.82,1,59.69,0
64,desktop,returning,medium,paid,10.54,7.72,61.38,5,0,0,0.82,1,87.36,0
58,mobile,new,medium,organic,11.76,4.66,81.74,8,0,1,-0.5,1,79.4,0
41,mobile,returning,medium,organic,6.77,5.96,56.3,5,0,0,-0.19,1,83.58,0
49,mobile,new,high,organic,16.19,3.82,60.02,4,0,1,0.97,0,73.24,0
27,desktop,returning,low,paid,6.44,8.01,42.4,5,1,0,1.05,1,80.47,0
56,desktop,returning,high,organic,9.27,8.78,52.03,6,0,1,2.01,0,72.7,0
44,mobile,new,medium,organic,11.39,8.71,100.0,3,1,0,1.22,1,94.35,0
43,desktop,returning,medium,organic,18.96,7.54,66.46,6,1,2,2.27,1,79.05,0
54,mobile,new,high,referral,9.31,2.88,44.95,4,0,2,3.31,1,76.5,0
48,mobile,new,low,referral,8.34,5.64,58.7,3,1,1,1.03,1,78.23,0
21,tablet,new,high,direct,8.8,6.28,33.05,5,0,2,0.97,0,60.14,0
31,mobile,returning,medium,direct,17.64,6.29,44.72,4,0,2,1.34,1,72.82,0
26,mobile,new,medium,referral,1.0,7.72,92.21,5,1,2,0.82,0,72.9,0
53,mobile,new,low,organic,6.99,11.78,62.15,5,1,0,0.46,1,86.74,0
19,desktop,new,medium,referral,21.93,9.94,100.0,4,0,2,-0.15,1,85.92,0
27,tablet,new,medium,organic,13.36,4.54,63.09,3,1,2,1.13,1,77.72,0
46,tablet,new,medium,paid,6.58,9.54,64.28,6,0,0,-0.07,1,95.09,0
51,mobile,new,low,paid,10.83,9.42,77.82,4,1,2,2.33,1,74.13,0
42,mobile,new,low,paid,11.27,5.08,11.55,7,1,1,1.84,0,68.93,0
59,desktop,new,high,organic,14.38,10.05,69.1,6,2,3,1.76,1,75.92,0
62,mobile,returning,low,referral,18.36,7.02,64.02,2,0,0,1.66,1,88.48,0
24,desktop,new,medium,direct,12.55,3.27,94.72,4,2,3,2.62,0,69.48,0
63,desktop,returning,high,direct,8.84,8.87,84.29,6,1,1,1.16,1,94.19,0
47,mobile,new,low,referral,14.15,8.15,42.33,7,1,3,0.86,0,70.15,0
48,desktop,new,low,paid,8.21,6.82,89.84,3,1,1,0.45,1,82.64,0
22,mobile,new,medium,organic,6.87,7.39,59.75,7,1,1,1.79,1,76.05,0
47,mobile,new,low,direct,3.96,5.34,46.91,2,4,2,2.74,1,75.79,1
52,desktop,new,medium,paid,4.74,9.33,68.94,3,1,0,0.46,0,85.52,0
45,mobile,returning,medium,organic,7.41,7.37,60.94,5,2,0,0.88,1,83.26,0
22,desktop,new,medium,paid,6.29,8.0,95.77,7,3,2,1.1,0,77.95,0
43,desktop,new,medium,direct,12.25,8.57,71.81,5,1,1,0.88,1,86.9,0
62,tablet,new,medium,referral,6.2,4.04,69.11,8,3,2,3.38,0,73.99,0
52,tablet,new,medium,paid,1.0,4.82,83.01,7,2,1,2.17,0,84.47,0
24,mobile,new,low,referral,6.82,0.87,86.86,9,3,0,0.95,1,86.93,0
64,mobile,new,medium,paid,9.11,9.19,80.67,10,2,0,1.97,1,88.81,0
64,desktop,new,high,paid,8.58,3.86,93.39,6,1,1,-0.06,1,79.82,0
26,tablet,new,medium,organic,17.08,7.9,77.17,6,1,0,-0.43,1,97.92,0
56,mobile,returning,medium,paid,8.55,8.61,68.35,4,2,2,3.4,1,67.0,0
37,mobile,returning,low,referral,14.52,9.31,89.78,3,1,1,1.43,1,85.63,0
46,mobile,new,low,organic,10.92,3.89,63.18,9,1,0,0.12,1,77.36,0
39,mobile,returning,low,direct,10.83,7.3,65.66,8,1,2,1.51,1,75.49,0
55,desktop,returning,low,organic,7.66,12.51,99.43,10,2,1,0.72,1,79.5,0
65,mobile,new,high,referral,10.76,12.64,97.44,7,1,1,1.24,1,85.51,0
56,desktop,returning,low,referral,7.94,10.46,64.84,3,2,2,2.09,1,76.03,0
62,desktop,returning,high,referral,11.68,8.51,55.93,9,2,2,1.92,1,67.17,0
63,desktop,returning,low,referral,10.06,4.48,94.26,9,2,0,-0.23,1,86.94,0
22,mobile,returning,low,direct,7.22,9.66,81.01,4,1,1,1.19,1,91.08,0
30,mobile,new,medium,paid,14.97,7.03,71.31,5,2,0,0.28,0,74.68,0
52,desktop,new,low,direct,12.71,9.18,58.56,4,3,1,0.88,1,70.9,0
46,desktop,new,medium,direct,9.21,5.6,71.63,6,0,1,1.61,1,88.76,0
20,mobile,new,high,organic,11.58,6.98,64.57,5,2,2,3.64,1,74.41,0
22,desktop,new,high,organic,10.66,7.99,51.71,6,0,2,2.75,1,77.31,0
42,mobile,returning,low,paid,7.53,8.24,67.58,9,1,1,1.47,1,87.24,0
47,desktop,new,medium,organic,11.28,8.98,70.31,3,1,0,0.15,1,81.47,0
26,mobile,new,low,paid,8.52,5.76,57.49,6,1,1,0.89,1,76.78,0
26,mobile,returning,high,paid,7.22,3.47,83.08,6,1,3,2.47,1,69.51,0
24,mobile,new,medium,referral,4.51,12.37,90.78,5,1,4,2.48,0,65.6,0
45,mobile,new,low,organic,9.57,14.97,84.4,6,2,0,1.86,1,93.96,0
18,mobile,returning,low,direct,13.27,8.84,59.48,2,0,0,-1.62,1,76.73,0
45,mobile,new,low,paid,8.22,3.53,80.12,7,1,2,1.31,1,70.65,0
40,mobile,new,low,direct,21.08,5.18,66.56,5,1,1,1.59,1,72.79,0
40,desktop,new,high,organic,14.54,9.03,40.29,1,3,2,1.59,0,75.64,0
50,mobile,returning,medium,paid,16.22,11.52,78.45,2,3,0,0.91,1,79.53,0
43,desktop,new,high,organic,14.18,3.86,67.92,3,3,2,2.72,1,70.39,0
52,desktop,new,low,referral,18.41,7.13,100.0,3,1,1,2.16,1,75.31,0
54,mobile,new,medium,paid,7.85,8.09,94.15,5,1,1,-0.08,1,82.72,0
62,mobile,new,low,direct,1.0,10.09,79.22,4,1,2,0.49,1,82.91,0
56,desktop,returning,medium,paid,9.22,6.47,69.98,8,0,0,-0.76,1,89.72,0
42,desktop,new,low,referral,13.23,2.81,68.27,5,0,1,-0.63,0,80.75,0
41,mobile,returning,low,organic,11.61,9.36,44.93,5,0,2,0.05,1,66.2,0
29,desktop,new,medium,referral,12.1,10.87,30.22,3,2,1,0.56,1,72.66,0
46,mobile,new,low,paid,16.28,7.25,47.55,4,2,3,3.49,1,67.99,0
24,mobile,returning,medium,paid,12.53,8.72,64.05,2,1,1,0.71,1,74.73,0
62,desktop,new,medium,organic,14.2,6.08,22.89,4,0,0,0.03,1,86.48,0
58,mobile,new,low,organic,7.24,4.96,54.11,4,2,1,0.54,1,82.8,0
23,desktop,returning,high,organic,6.62,10.58,60.05,4,1,0,0.9,1,81.83,0
55,mobile,new,medium,direct,17.46,8.66,60.69,5,1,0,1.86,1,89.44,0
23,desktop,new,high,paid,11.4,8.97,51.77,3,1,2,0.85,1,73.75,0
52,mobile,returning,medium,organic,8.51,12.01,58.17,5,1,0,1.79,1,91.66,0
22,mobile,new,medium,direct,8.51,4.34,99.48,6,0,2,1.49,1,94.34,0
41,mobile,new,medium,organic,8.4,5.84,78.24,3,1,2,1.56,1,71.03,0
49,mobile,new,high,paid,8.16,7.97,53.79,6,2,2,2.22,1,77.27,0
52,desktop,new,medium,direct,5.87,5.81,63.63,5,2,3,2.81,0,75.07,0
38,mobile,new,low,direct,5.0,9.85,64.43,2,2,0,2.21,1,77.71,0
62,mobile,returning,low,direct,10.22,6.94,49.64,6,0,1,1.02,1,77.51,0
55,mobile,new,medium,paid,8.63,4.52,49.62,3,0,2,1.63,1,72.64,0
27,mobile,returning,low,direct,15.43,7.7,85.21,4,2,1,0.96,0,78.63,0
50,desktop,new,low,organic,12.17,8.01,56.6,2,2,5,4.37,0,54.65,1
53,mobile,new,low,direct,12.06,10.3,43.11,3,3,1,0.92,1,72.98,0
34,tablet,new,medium,direct,8.03,8.68,64.14,4,0,1,0.7,1,87.72,0
53,mobile,returning,low,direct,10.52,8.88,67.36,6,0,3,4.12,1,62.11,0
61,desktop,new,medium,organic,12.44,8.46,25.55,13,1,0,-1.65,1,75.02,0
57,mobile,new,medium,organic,13.86,6.94,64.19,2,1,1,1.14,0,82.92,0
54,mobile,returning,high,referral,10.62,5.35,82.36,4,1,1,1.17,0,84.4,0
48,desktop,new,low,paid,15.32,8.37,74.02,2,3,1,1.47,1,71.53,0
30,tablet,new,medium,paid,11.03,6.5,100.0,6,1,2,1.39,1,83.56,0
56,desktop,returning,medium,direct,14.17,12.57,90.02,5,4,0,1.54,1,90.56,0
35,mobile,new,medium,referral,9.04,11.53,93.98,4,2,0,0.55,1,86.78,0
43,mobile,new,medium,paid,3.75,9.4,100.0,5,1,1,1.15,1,78.95,0
33,desktop,new,low,paid,12.07,8.64,80.16,5,1,0,-0.03,0,90.87,0
33,mobile,new,high,organic,13.9,7.24,68.26,4,2,3,4.12,1,79.93,0
25,desktop,new,low,organic,13.3,3.72,84.47,3,2,1,1.1,1,75.82,0
64,desktop,returning,high,organic,12.69,6.85,53.82,5,1,1,1.41,1,79.69,0
25,desktop,new,medium,direct,9.61,7.8,67.15,7,1,2,1.01,1,82.8,0
22,desktop,returning,low,direct,7.77,8.19,52.05,3,1,2,2.3,1,75.14,0
62,desktop,returning,medium,paid,13.21,8.91,72.96,4,2,1,1.9,1,69.27,0
44,mobile,returning,low,paid,12.71,10.26,51.96,5,1,0,0.72,1,86.7,0
39,mobile,returning,medium,referral,8.76,5.42,51.26,3,3,1,0.83,1,69.28,0
53,desktop,returning,medium,direct,15.44,5.45,73.27,8,3,1,1.05,1,70.17,0
36,mobile,returning,low,direct,7.47,11.85,62.25,6,1,2,2.96,1,65.3,0
24,mobile,new,low,paid,8.67,9.81,26.45,4,3,2,1.67,0,72.72,0
53,mobile,new,medium,direct,17.55,6.33,35.89,9,2,0,1.21,1,75.1,0
26,desktop,new,low,paid,14.47,7.18,42.05,3,2,1,0.54,1,78.05,0
44,desktop,new,high,paid,9.57,7.19,47.34,4,2,0,1.51,1,84.95,0
63,desktop,new,medium,direct,12.15,7.59,73.29,1,1,1,0.4,0,80.97,0
62,mobile,returning,medium,paid,11.62,8.92,69.38,8,0,0,-0.76,1,89.9,0
35,mobile,new,low,paid,1.0,15.1,86.31,2,2,3,2.04,1,74.04,0
55,mobile,returning,medium,paid,7.37,8.07,80.06,2,4,1,1.56,0,75.64,0
47,mobile,new,high,paid,10.8,9.49,86.44,6,3,0,1.4,0,77.81,0
41,desktop,new,low,paid,9.57,2.44,77.17,2,2,1,1.36,1,75.16,0
24,desktop,new,low,referral,11.99,6.05,69.19,2,1,0,-0.53,1,85.47,0
36,mobile,new,low,paid,15.52,11.19,86.99,7,4,0,1.43,1,81.48,0
49,mobile,new,medium,organic,9.71,8.71,83.39,4,1,0,-0.55,1,90.38,0
65,mobile,new,medium,direct,6.77,0.5,72.52,1,2,0,1.21,1,91.11,0
18,desktop,new,medium,paid,12.3,9.52,90.42,1,0,2,1.88,0,81.31,0
52,desktop,new,medium,direct,9.69,13.25,18.08,7,1,1,1.01,1,70.3,0
58,mobile,new,low,organic,10.38,1.51,59.19,6,1,2,1.77,1,62.22,0
63,desktop,new,low,referral,9.83,12.06,58.88,1,4,1,3.46,1,69.45,0
38,mobile,new,low,paid,19.97,0.5,88.05,2,3,0,0.92,1,76.3,0
23,mobile,new,high,direct,2.04,10.31,96.43,8,0,2,0.48,1,77.39,0
31,tablet,new,medium,organic,9.45,7.47,36.0,1,2,2,2.36,0,70.17,0
58,mobile,new,medium,direct,10.99,0.5,93.22,5,1,1,0.04,0,82.89,0
60,mobile,new,medium,paid,7.88,8.84,41.57,5,1,0,0.19,1,93.94,0
48,desktop,returning,low,referral,14.6,10.95,42.18,3,1,1,0.52,1,80.96,0
23,mobile,returning,low,paid,14.25,8.59,60.31,7,1,2,1.0,1,86.89,0
23,desktop,returning,low,organic,10.81,9.25,58.64,2,0,2,1.02,0,79.73,0
40,mobile,new,high,paid,9.92,6.26,33.83,6,1,1,1.67,1,83.57,0
46,mobile,new,medium,organic,10.55,1.92,78.0,6,2,1,2.18,1,78.21,0
19,mobile,new,medium,paid,10.58,9.58,78.59,4,0,0,0.76,1,82.78,0
50,mobile,returning,low,referral,10.69,12.75,86.08,8,6,1,3.04,1,70.64,0
44,mobile,returning,low,paid,10.25,10.89,56.33,3,3,0,0.89,1,80.49,0
18,mobile,returning,medium,organic,12.01,1.54,64.21,8,1,0,-1.54,1,81.74,0
22,desktop,returning,medium,organic,14.01,2.96,64.39,6,2,2,2.19,1,67.92,0
39,mobile,new,high,organic,6.08,4.96,98.76,5,0,1,-1.22,0,87.55,0
52,mobile,returning,medium,organic,6.8,2.72,8.32,5,1,1,-0.59,0,66.17,0
57,mobile,returning,medium,referral,4.01,7.63,45.86,4,1,1,0.82,1,69.3,0
38,mobile,new,medium,organic,14.47,8.68,65.11,4,3,2,2.47,0,63.48,0
32,mobile,returning,high,direct,12.0,3.21,43.29,3,1,2,1.19,1,71.99,0
64,desktop,new,medium,organic,13.02,9.83,59.83,0,0,1,1.86,1,76.23,0
40,mobile,returning,medium,organic,5.28,9.3,62.48,4,2,0,1.09,0,80.13,0
33,desktop,returning,high,direct,18.14,5.86,51.85,3,2,0,0.5,1,85.62,0
39,tablet,new,low,organic,8.56,6.98,66.29,6,1,2,2.66,1,79.6,0
18,mobile,returning,high,paid,11.67,1.65,77.56,6,4,2,3.85,1,67.54,0
32,mobile,new,low,direct,14.42,6.5,60.27,8,3,1,2.06,1,68.41,0
42,mobile,returning,medium,direct,7.05,7.52,55.94,5,1,0,-0.27,1,81.06,0
62,desktop,returning,medium,direct,8.81,8.01,61.68,6,3,1,1.21,0,78.54,0
53,mobile,returning,medium,organic,11.72,8.64,64.85,6,1,0,-0.8,1,90.92,0
55,desktop,returning,medium,referral,22.43,8.23,30.19,8,0,3,1.77,1,71.14,0
44,desktop,new,medium,direct,12.2,6.71,74.23,3,0,7,3.36,0,60.52,0
23,desktop,new,low,direct,17.43,8.36,55.98,5,0,3,1.54,1,82.49,0
36,mobile,new,low,organic,15.82,10.51,90.23,8,0,0,0.25,1,87.73,0
65,tablet,new,low,paid,12.47,7.21,76.82,4,2,0,-0.89,1,93.94,0
20,mobile,new,medium,paid,7.04,8.45,88.4,9,4,1,1.0,1,76.04,0
60,mobile,new,medium,organic,15.24,6.94,44.78,4,2,0,0.29,1,87.29,0
50,mobile,new,low,referral,5.01,5.56,57.57,2,1,1,0.91,1,84.16,0
31,tablet,new,high,organic,17.4,9.07,40.15,7,1,2,1.17,1,61.16,0
55,desktop,returning,medium,paid,11.8,5.83,50.9,3,1,0,0.13,1,78.11,0
58,desktop,new,medium,organic,1.0,8.66,90.04,4,2,2,1.34,0,67.88,0
20,mobile,returning,medium,paid,9.64,7.58,94.75,8,1,0,-0.81,1,78.48,0
23,tablet,new,low,organic,13.62,6.59,42.04,7,1,3,1.72,1,73.72,0
49,mobile,new,medium,paid,10.05,6.52,55.83,4,0,2,1.03,1,89.31,0
65,mobile,new,medium,organic,13.86,5.98,63.48,8,0,4,2.15,0,64.87,0
19,tablet,new,low,direct,7.6,2.56,76.71,2,1,1,1.04,0,85.53,0
49,mobile,new,high,organic,5.78,8.65,29.8,4,2,1,1.64,1,83.48,0
24,mobile,new,high,paid,10.71,8.19,32.94,5,1,1,1.5,1,78.2,0
49,desktop,new,medium,organic,11.13,10.05,74.79,1,2,0,0.22,1,84.62,0
47,mobile,new,high,organic,9.61,5.91,26.02,3,2,1,0.04,0,70.85,0
22,mobile,new,high,organic,15.91,13.19,56.06,4,0,0,1.1,1,89.75,0
50,mobile,new,low,organic,7.6,6.36,68.24,7,3,0,1.36,1,87.24,0
61,mobile,returning,medium,organic,12.25,4.87,73.31,5,1,1,0.19,0,82.77,0
59,desktop,new,medium,paid,11.27,4.52,62.17,8,1,0,0.57,1,87.82,0
19,desktop,returning,low,referral,4.77,2.3,57.68,9,2,1,2.15,1,77.61,0
29,mobile,returning,low,organic,5.72,12.1,81.89,7,0,0,1.44,1,80.07,0
29,mobile,returning,low,paid,11.05,11.61,70.7,2,1,1,1.2,0,85.07,0
39,mobile,returning,medium,referral,18.92,9.3,52.06,4,1,0,1.22,1,76.34,0
24,desktop,new,medium,organic,13.32,4.81,65.75,4,1,0,-0.62,0,87.61,0
59,tablet,new,medium,paid,4.1,12.93,72.66,8,1,3,2.2,1,76.65,0
55,tablet,new,low,organic,1.0,6.44,99.36,2,1,1,0.68,1,78.08,0
56,mobile,returning,low,organic,13.93,6.69,80.73,4,2,0,0.97,0,80.04,0
27,mobile,new,medium,paid,10.62,11.81,89.29,10,2,1,2.65,1,94.44,0
18,mobile,new,medium,direct,15.57,9.48,52.79,2,5,0,1.97,1,75.66,0
61,desktop,returning,high,direct,7.48,14.1,54.52,2,2,1,0.64,1,70.22,0
31,mobile,new,high,direct,12.4,8.25,60.29,3,2,0,-0.31,1,87.84,0
49,desktop,new,high,paid,14.38,6.31,62.13,6,3,1,2.97,1,71.82,0
61,desktop,returning,high,organic,9.21,5.66,44.84,4,2,1,1.71,1,64.86,0
19,mobile,new,high,paid,9.3,1.96,90.32,4,1,2,1.91,0,80.36,0
18,mobile,new,medium,organic,11.1,6.66,82.67,3,2,1,1.03,0,73.62,0
18,mobile,returning,low,organic,13.17,10.93,58.89,4,2,1,1.56,0,78.19,0
25,mobile,new,low,organic,10.94,9.3,77.83,9,4,0,0.63,1,76.26,0
20,mobile,new,medium,paid,14.9,7.56,69.46,11,2,0,1.01,0,86.58,0
57,desktop,new,low,paid,9.15,4.52,79.4,8,1,4,1.81,0,67.43,0
47,mobile,returning,low,organic,5.69,8.18,38.11,8,3,2,1.97,1,53.24,1
65,mobile,new,high,direct,18.91,10.54,62.09,4,0,1,0.12,0,82.94,0
56,desktop,returning,low,paid,8.58,8.79,63.84,7,2,3,-0.09,1,67.32,0
64,desktop,returning,high,direct,8.73,8.0,77.47,4,1,1,0.67,0,89.0,0
29,mobile,new,medium,organic,10.74,5.11,52.43,3,2,0,-0.02,1,84.46,0
31,desktop,new,medium,paid,11.27,10.1,15.0,5,2,3,2.36,0,65.94,0
58,tablet,new,medium,organic,9.45,0.5,43.37,4,2,1,1.3,1,71.94,0
29,desktop,returning,low,paid,10.93,8.65,63.78,5,1,0,1.77,1,80.71,0
20,desktop,new,medium,organic,10.84,15.21,66.28,3,2,1,1.65,1,78.8,0
50,mobile,new,low,organic,11.7,2.97,98.67,7,5,0,2.02,1,79.48,0
56,tablet,new,high,referral,1.57,6.78,76.65,5,2,1,1.7,0,86.43,0
64,mobile,returning,low,organic,18.52,7.48,66.63,3,5,1,3.05,1,72.08,0
62,tablet,new,low,organic,10.41,6.11,64.35,6,2,0,1.06,1,76.17,0
23,desktop,returning,medium,direct,13.32,10.61,87.08,3,0,2,1.46,1,75.68,0
55,mobile,new,medium,organic,5.49,8.92,53.2,6,2,0,1.28,1,87.97,0
58,mobile,returning,medium,referral,9.12,7.96,62.19,4,0,2,-0.74,1,76.66,0
51,desktop,new,medium,paid,8.31,9.89,43.21,5,1,0,2.05,1,81.66,0
57,desktop,new,low,organic,16.88,7.55,93.38,6,3,0,2.32,1,91.37,0
58,mobile,returning,medium,paid,8.66,17.04,72.85,3,1,0,0.66,1,81.05,0
39,desktop,returning,low,organic,14.03,7.95,50.85,6,4,0,0.27,0,62.69,0
19,desktop,new,low,direct,8.4,8.09,62.71,5,1,0,1.32,1,80.21,0
39,mobile,new,low,organic,9.19,2.37,75.19,6,2,0,0.14,1,86.28,0
27,mobile,new,low,organic,10.02,5.87,59.99,3,1,1,1.38,1,78.7,0
23,mobile,new,low,paid,16.14,10.94,54.31,4,0,2,0.22,0,65.55,0
23,desktop,new,medium,direct,3.44,3.49,51.91,8,2,3,4.28,1,73.73,0
51,mobile,returning,low,direct,5.74,1.03,71.78,5,1,0,-0.8,1,87.39,0
42,desktop,new,low,direct,3.21,7.6,57.84,5,0,1,0.66,1,84.27,0
43,mobile,returning,medium,referral,6.65,11.61,55.92,5,0,0,-1.64,1,89.03,0
53,desktop,new,low,referral,7.75,7.63,38.28,6,1,0,0.32,1,74.6,0
44,mobile,new,medium,paid,4.54,6.49,66.55,1,1,2,1.21,1,78.0,0
48,mobile,returning,high,direct,8.06,1.92,61.38,5,1,2,2.46,1,81.01,0
22,desktop,new,medium,paid,2.94,8.86,58.57,3,0,1,0.27,1,88.87,0
58,mobile,returning,high,paid,6.93,9.48,68.98,8,2,3,3.43,0,72.2,0
39,mobile,new,low,referral,15.8,2.15,79.96,7,1,0,-0.47,1,90.47,0
25,tablet,returning,low,paid,12.61,10.9,79.03,7,2,3,2.32,1,60.46,0
57,tablet,returning,medium,organic,11.75,9.8,76.05,3,1,0,0.17,1,86.84,0
53,desktop,returning,medium,paid,6.99,10.9,60.19,5,3,0,1.49,1,75.28,0
20,mobile,new,high,paid,4.86,9.25,53.66,5,0,0,0.31,0,92.13,0
27,desktop,new,low,direct,6.44,9.46,44.12,3,4,3,3.8,0,67.68,1
18,desktop,new,medium,paid,10.83,9.06,53.14,4,5,0,1.98,1,70.47,0
30,mobile,new,medium,direct,14.47,10.11,65.39,8,2,0,1.26,1,83.37,0
22,mobile,new,low,paid,14.61,2.04,49.27,7,1,3,1.43,0,69.0,0
52,desktop,new,low,direct,13.52,3.0,66.92,2,1,1,1.26,0,84.64,0
43,mobile,new,high,organic,8.05,5.29,45.69,3,3,0,2.34,1,69.23,0
65,desktop,new,low,direct,11.1,7.11,31.78,2,1,0,-0.99,1,68.36,0
53,tablet,new,high,paid,9.71,8.66,81.39,9,1,0,0.75,1,87.8,0
47,desktop,new,medium,organic,10.2,8.47,55.51,4,2,1,1.85,0,60.67,0
42,mobile,new,medium,organic,19.15,10.85,48.26,5,3,2,3.46,1,70.94,0
20,mobile,returning,medium,organic,3.95,10.95,43.12,7,1,1,1.58,1,81.73,0
21,mobile,new,high,paid,10.06,4.88,73.46,1,3,1,1.73,1,85.23,0
47,mobile,new,low,direct,15.85,8.22,92.5,5,1,2,1.9,1,75.56,0
